{
	"partitions" : [
		{
			"name" : "Top",
			"pins" : [
				{
					"name" : "L0",
					"strict" : false
				},
				{
					"name" : "L1",
					"strict" : false
				},
				{
					"name" : "L2",
					"strict" : false
				},
				{
					"name" : "L3",
					"strict" : false
				},
				{
					"name" : "L4",
					"strict" : false
				},
				{
					"name" : "L5",
					"strict" : false
				},
				{
					"name" : "L6",
					"strict" : false
				},
				{
					"name" : "L7",
					"strict" : false
				},
				{
					"name" : "HEX00",
					"strict" : false
				},
				{
					"name" : "HEX01",
					"strict" : false
				},
				{
					"name" : "HEX02",
					"strict" : false
				},
				{
					"name" : "HEX03",
					"strict" : false
				},
				{
					"name" : "HEX04",
					"strict" : false
				},
				{
					"name" : "HEX05",
					"strict" : false
				},
				{
					"name" : "HEX06",
					"strict" : false
				},
				{
					"name" : "HEX10",
					"strict" : false
				},
				{
					"name" : "HEX11",
					"strict" : false
				},
				{
					"name" : "HEX12",
					"strict" : false
				},
				{
					"name" : "HEX13",
					"strict" : false
				},
				{
					"name" : "HEX14",
					"strict" : false
				},
				{
					"name" : "HEX15",
					"strict" : false
				},
				{
					"name" : "HEX16",
					"strict" : false
				},
				{
					"name" : "HEX40",
					"strict" : false
				},
				{
					"name" : "HEX41",
					"strict" : false
				},
				{
					"name" : "HEX42",
					"strict" : false
				},
				{
					"name" : "HEX43",
					"strict" : false
				},
				{
					"name" : "HEX44",
					"strict" : false
				},
				{
					"name" : "HEX45",
					"strict" : false
				},
				{
					"name" : "HEX46",
					"strict" : false
				},
				{
					"name" : "HEX50",
					"strict" : false
				},
				{
					"name" : "HEX51",
					"strict" : false
				},
				{
					"name" : "HEX52",
					"strict" : false
				},
				{
					"name" : "HEX53",
					"strict" : false
				},
				{
					"name" : "HEX54",
					"strict" : false
				},
				{
					"name" : "HEX55",
					"strict" : false
				},
				{
					"name" : "HEX56",
					"strict" : false
				},
				{
					"name" : "D3",
					"strict" : false
				},
				{
					"name" : "D0",
					"strict" : false
				},
				{
					"name" : "D2",
					"strict" : false
				},
				{
					"name" : "D1",
					"strict" : false
				},
				{
					"name" : "D7",
					"strict" : false
				},
				{
					"name" : "D4",
					"strict" : false
				},
				{
					"name" : "D6",
					"strict" : false
				},
				{
					"name" : "D5",
					"strict" : false
				},
				{
					"name" : "K1",
					"strict" : false
				},
				{
					"name" : "K0",
					"strict" : false
				}
			]
		}
	]
}