{
	"partitions" : [
		{
			"name" : "Top",
			"pins" : [
				{
					"name" : "HEX01",
					"strict" : false
				},
				{
					"name" : "HEX04",
					"strict" : false
				},
				{
					"name" : "HEX06",
					"strict" : false
				},
				{
					"name" : "HEX10",
					"strict" : false
				},
				{
					"name" : "HEX13",
					"strict" : false
				},
				{
					"name" : "HEX14",
					"strict" : false
				},
				{
					"name" : "HEX16",
					"strict" : false
				},
				{
					"name" : "HEX50",
					"strict" : false
				},
				{
					"name" : "HEX53",
					"strict" : false
				},
				{
					"name" : "HEX54",
					"strict" : false
				},
				{
					"name" : "HEX55",
					"strict" : false
				},
				{
					"name" : "LED",
					"strict" : false
				},
				{
					"name" : "LEDR4",
					"strict" : false
				},
				{
					"name" : "SW0",
					"strict" : false
				},
				{
					"name" : "KEY0",
					"strict" : false
				},
				{
					"name" : "KEY1",
					"strict" : false
				}
			]
		}
	]
}