{
	"partitions" : [
		{
			"name" : "Top",
			"pins" : [
				{
					"name" : "HEX00",
					"strict" : false
				},
				{
					"name" : "HEX01",
					"strict" : false
				},
				{
					"name" : "HEX02",
					"strict" : false
				},
				{
					"name" : "HEX03",
					"strict" : false
				},
				{
					"name" : "HEX04",
					"strict" : false
				},
				{
					"name" : "HEX05",
					"strict" : false
				},
				{
					"name" : "HEX06",
					"strict" : false
				},
				{
					"name" : "RESET",
					"strict" : false
				},
				{
					"name" : "CLK",
					"strict" : false
				}
			]
		}
	]
}